;XD;0;XS;461;PD;120;PS;120
;XD;0;XS;461;PD;120;PS;120
;XD;0;XS;460;PD;120;PS;120
;XD;0;XS;461;PD;120;PS;120
;XD;0;XS;461;PD;120;PS;120
;XD;0;XS;461;PD;120;PS;120
;XD;0;XS;461;PD;120;PS;120
;XD;0;XS;461;PD;120;PS;120
;XD;0;XS;461;PD;120;PS;120
;XD;0;XS;458;PD;120;PS;120
;XD;0;XS;461;PD;120;PS;120
;XD;0;XS;461;PD;120;PS;120
;XD;0;XS;461;PD;120;PS;120
;XD;0;XS;461;PD;120;PS;120
;XD;0;XS;463;PD;120;PS;120
;XD;0;XS;461;PD;120;PS;120
;XD;0;XS;460;PD;120;PS;120
;XD;0;XS;460;PD;120;PS;120
;XD;0;XS;461;PD;120;PS;120
;XD;0;XS;461;PD;120;PS;120
;XD;0;XS;461;PD;120;PS;120
;XD;0;XS;461;PD;120;PS;120
;XD;0;XS;461;PD;120;PS;120
;XD;0;XS;459;PD;120;PS;120
;XD;0;XS;460;PD;120;PS;120
;XD;0;XS;461;PD;120;PS;120
;XD;0;XS;460;PD;120;PS;120
;XD;0;XS;461;PD;120;PS;120
;XD;0;XS;461;PD;120;PS;120
;XD;0;XS;461;PD;120;PS;120
;XD;0;XS;459;PD;120;PS;120
;XD;0;XS;461;PD;120;PS;120
;XD;0;XS;461;PD;120;PS;120
;XD;0;XS;461;PD;120;PS;120
;XD;0;XS;460;PD;120;PS;120
;XD;0;XS;459;PD;120;PS;120
;XD;0;XS;461;PD;120;PS;120
;XD;0;XS;461;PD;120;PS;120
;XD;0;XS;461;PD;120;PS;120
;XD;0;XS;460;PD;120;PS;120
;XD;0;XS;461;PD;120;PS;120
;XD;0;XS;461;PD;120;PS;120
;XD;0;XS;461;PD;120;PS;120
;XD;0;XS;458;PD;120;PS;120
;XD;0;XS;460;PD;120;PS;120
;XD;0;XS;461;PD;120;PS;120
;XD;0;XS;461;PD;120;PS;120
;XD;0;XS;460;PD;120;PS;120
;XD;0;XS;460;PD;120;PS;120
;XD;0;XS;461;PD;120;PS;120
;XD;0;XS;461;PD;120;PS;120
;XD;0;XS;461;PD;120;PS;120
;XD;0;XS;461;PD;120;PS;120
;XD;0;XS;461;PD;120;PS;120
;XD;0;XS;461;PD;120;PS;120
;XD;0;XS;459;PD;120;PS;120
;XD;0;XS;460;PD;120;PS;120
;XD;0;XS;461;PD;120;PS;120
;XD;0;XS;461;PD;120;PS;120
;XD;0;XS;461;PD;120;PS;120
;XD;0;XS;459;PD;120;PS;120
;XD;0;XS;461;PD;120;PS;120
;XD;0;XS;461;PD;120;PS;120
;XD;0;XS;463;PD;120;PS;120
;XD;0;XS;461;PD;120;PS;120
;XD;0;XS;459;PD;120;PS;120
;XD;0;XS;461;PD;120;PS;120
;XD;0;XS;461;PD;120;PS;120
;XD;0;XS;600;PD;120;PS;120
;XD;0;XS;601;PD;120;PS;120
;XD;0;XS;601;PD;120;PS;120
;XD;0;XS;601;PD;120;PS;120
;XD;0;XS;598;PD;120;PS;120
;XD;0;XS;297;PD;120;PS;120
;XD;0;XS;297;PD;120;PS;120
;XD;0;XS;297;PD;120;PS;120
;XD;0;XS;601;PD;120;PS;120
;XD;0;XS;598;PD;120;PS;120
;XD;0;XS;601;PD;120;PS;120
;XD;0;XS;600;PD;120;PS;120
;XD;0;XS;461;PD;120;PS;120
;XD;0;XS;461;PD;120;PS;120
;XD;0;XS;460;PD;120;PS;120
;XD;0;XS;458;PD;120;PS;120
;XD;0;XS;459;PD;120;PS;120
;XD;0;XS;459;PD;120;PS;120
;XD;0;XS;462;PD;120;PS;120
;XD;0;XS;461;PD;120;PS;120
;XD;0;XS;461;PD;120;PS;120
;XD;0;XS;459;PD;120;PS;120
;XD;0;XS;601;PD;120;PS;120
;XD;0;XS;600;PD;120;PS;120
;XD;0;XS;600;PD;120;PS;120
;XD;0;XS;295;PD;120;PS;120
;XD;0;XS;297;PD;120;PS;120
;XD;0;XS;297;PD;120;PS;120
;XD;0;XS;601;PD;120;PS;120
;XD;0;XS;600;PD;120;PS;120
;XD;0;XS;601;PD;120;PS;120
;XD;0;XS;465;PD;120;PS;120
;XD;0;XS;461;PD;120;PS;120
;XD;0;XS;461;PD;120;PS;120
;XD;0;XS;461;PD;120;PS;120
;XD;0;XS;459;PD;120;PS;120
;XD;0;XS;460;PD;120;PS;120
;XD;0;XS;460;PD;120;PS;120
;XD;0;XS;460;PD;120;PS;120
;XD;0;XS;461;PD;120;PS;120
;XD;0;XS;461;PD;120;PS;120
;XD;0;XS;598;PD;120;PS;120
;XD;0;XS;600;PD;120;PS;120
;XD;0;XS;601;PD;120;PS;120
;XD;0;XS;297;PD;120;PS;120
;XD;0;XS;300;PD;120;PS;120
;XD;0;XS;297;PD;120;PS;120
;XD;0;XS;297;PD;120;PS;120
;XD;0;XS;599;PD;120;PS;120
;XD;0;XS;601;PD;120;PS;120
;XD;0;XS;600;PD;120;PS;120
;XD;0;XS;461;PD;120;PS;120
;XD;0;XS;460;PD;120;PS;120
;XD;0;XS;461;PD;120;PS;120
;XD;0;XS;460;PD;120;PS;120
;XD;0;XS;459;PD;120;PS;120
;XD;0;XS;459;PD;120;PS;120
;XD;0;XS;461;PD;120;PS;120
;XD;0;XS;460;PD;120;PS;120
;XD;0;XS;461;PD;120;PS;120
;XD;0;XS;600;PD;120;PS;120
;XD;0;XS;601;PD;120;PS;120
;XD;0;XS;600;PD;120;PS;120
;XD;0;XS;600;PD;120;PS;120
;XD;0;XS;297;PD;120;PS;120
;XD;0;XS;297;PD;120;PS;120
;XD;0;XS;297;PD;120;PS;120
;XD;0;XS;600;PD;120;PS;120
;XD;0;XS;600;PD;120;PS;120
;XD;0;XS;600;PD;120;PS;120
;XD;0;XS;461;PD;120;PS;120
;XD;0;XS;461;PD;120;PS;120
;XD;0;XS;460;PD;120;PS;120
;XD;0;XS;460;PD;120;PS;120
;XD;0;XS;459;PD;120;PS;120
;XD;0;XS;460;PD;120;PS;120
;XD;0;XS;460;PD;120;PS;120
;XD;0;XS;461;PD;120;PS;120
;XD;0;XS;459;PD;120;PS;120
;XD;0;XS;461;PD;120;PS;120
;XD;0;XS;601;PD;120;PS;120
;XD;0;XS;601;PD;120;PS;120
;XD;0;XS;599;PD;120;PS;120
;XD;0;XS;297;PD;120;PS;120
;XD;0;XS;297;PD;120;PS;120
;XD;0;XS;297;PD;120;PS;120
;XD;0;XS;601;PD;120;PS;120
;XD;0;XS;600;PD;120;PS;120
;XD;0;XS;599;PD;120;PS;120
;XD;0;XS;601;PD;120;PS;120
;XD;0;XS;461;PD;120;PS;120
;XD;0;XS;461;PD;120;PS;120
;XD;0;XS;461;PD;120;PS;120
;XD;0;XS;460;PD;120;PS;120
;XD;0;XS;460;PD;120;PS;120
;XD;0;XS;460;PD;120;PS;120
;XD;0;XS;461;PD;120;PS;120
;XD;0;XS;460;PD;120;PS;120
;XD;0;XS;460;PD;120;PS;120
;XD;0;XS;599;PD;120;PS;120
;XD;0;XS;599;PD;120;PS;120
;XD;0;XS;601;PD;120;PS;120
;XD;0;XS;601;PD;120;PS;120
;XD;0;XS;297;PD;120;PS;120
;XD;0;XS;297;PD;120;PS;120
;XD;0;XS;297;PD;120;PS;120
;XD;0;XS;601;PD;120;PS;120
;XD;0;XS;601;PD;120;PS;120
;XD;0;XS;599;PD;120;PS;120
;XD;0;XS;461;PD;120;PS;120
;XD;0;XS;461;PD;120;PS;120
;XD;0;XS;461;PD;120;PS;120
;XD;0;XS;459;PD;120;PS;120
;XD;0;XS;460;PD;120;PS;120
;XD;0;XS;460;PD;120;PS;120
;XD;0;XS;461;PD;120;PS;120
;XD;0;XS;463;PD;120;PS;120
;XD;0;XS;461;PD;120;PS;120
;XD;0;XS;459;PD;120;PS;120
;XD;0;XS;601;PD;120;PS;120
;XD;0;XS;601;PD;120;PS;120
;XD;0;XS;600;PD;120;PS;120
;XD;0;XS;297;PD;120;PS;120
;XD;0;XS;298;PD;120;PS;120
;XD;0;XS;297;PD;120;PS;120
;XD;0;XS;600;PD;120;PS;120
;XD;0;XS;599;PD;120;PS;120
;XD;0;XS;601;PD;120;PS;120
;XD;0;XS;461;PD;120;PS;120
;XD;0;XS;465;PD;120;PS;120
;XD;0;XS;461;PD;120;PS;120
;XD;0;XS;458;PD;120;PS;120
;XD;0;XS;460;PD;120;PS;120
;XD;0;XS;460;PD;120;PS;120
;XD;0;XS;460;PD;120;PS;120
;XD;0;XS;461;PD;120;PS;120
;XD;0;XS;460;PD;120;PS;120
;XD;0;XS;461;PD;120;PS;120
;XD;0;XS;601;PD;120;PS;120
;XD;0;XS;604;PD;120;PS;120
;XD;0;XS;601;PD;120;PS;120
;XD;0;XS;297;PD;120;PS;120
;XD;0;XS;297;PD;120;PS;120
;XD;0;XS;297;PD;120;PS;120
;XD;0;XS;600;PD;120;PS;120
;XD;0;XS;600;PD;120;PS;120
;XD;0;XS;601;PD;120;PS;120
;XD;0;XS;479;PD;120;PS;120
;XD;0;XS;461;PD;120;PS;120
;XD;0;XS;461;PD;120;PS;120
;XD;0;XS;461;PD;120;PS;120
;XD;0;XS;460;PD;120;PS;120
;XD;0;XS;460;PD;120;PS;120
;XD;0;XS;460;PD;120;PS;120
;XD;0;XS;461;PD;120;PS;120
;XD;0;XS;460;PD;120;PS;120
;XD;0;XS;461;PD;120;PS;120
;XD;0;XS;601;PD;120;PS;120
;XD;0;XS;600;PD;120;PS;120
;XD;0;XS;601;PD;120;PS;120
;XD;0;XS;297;PD;120;PS;120
;XD;0;XS;297;PD;120;PS;120
;XD;0;XS;295;PD;120;PS;120
;XD;0;XS;297;PD;120;PS;120
;XD;0;XS;601;PD;120;PS;120
;XD;0;XS;601;PD;120;PS;120
;XD;0;XS;602;PD;120;PS;120
;XD;0;XS;461;PD;120;PS;120
;XD;0;XS;460;PD;120;PS;120
;XD;0;XS;461;PD;120;PS;120
;XD;0;XS;460;PD;120;PS;120
;XD;0;XS;459;PD;120;PS;120
;XD;0;XS;460;PD;120;PS;120
;XD;0;XS;461;PD;120;PS;120
;XD;0;XS;460;PD;120;PS;120
;XD;0;XS;461;PD;120;PS;120
;XD;0;XS;601;PD;120;PS;120
;XD;0;XS;601;PD;120;PS;120
;XD;0;XS;599;PD;120;PS;120
;XD;0;XS;422;PD;120;PS;120
;XD;0;XS;297;PD;120;PS;120
;XD;0;XS;297;PD;120;PS;120
;XD;0;XS;296;PD;120;PS;120
;XD;0;XS;600;PD;120;PS;120
;XD;0;XS;601;PD;120;PS;120
;XD;0;XS;600;PD;120;PS;120
;XD;0;XS;461;PD;120;PS;120
;XD;0;XS;460;PD;120;PS;120
;XD;0;XS;461;PD;120;PS;120
;XD;0;XS;461;PD;120;PS;120
;XD;0;XS;460;PD;120;PS;120
;XD;0;XS;460;PD;120;PS;120
;XD;0;XS;461;PD;120;PS;120
;XD;0;XS;461;PD;120;PS;120
;XD;0;XS;460;PD;120;PS;120
;XD;0;XS;601;PD;120;PS;120
;XD;0;XS;600;PD;120;PS;120
;XD;0;XS;599;PD;120;PS;120
;XD;0;XS;582;PD;120;PS;120
;XD;0;XS;297;PD;120;PS;120
;XD;0;XS;294;PD;120;PS;120
;XD;0;XS;297;PD;120;PS;120
;XD;0;XS;601;PD;120;PS;120
;XD;0;XS;600;PD;120;PS;120
;XD;0;XS;598;PD;120;PS;120
;XD;0;XS;461;PD;120;PS;120
;XD;0;XS;461;PD;120;PS;120
;XD;0;XS;461;PD;120;PS;120
;XD;0;XS;460;PD;120;PS;120
;XD;0;XS;459;PD;120;PS;120
;XD;0;XS;460;PD;120;PS;120
;XD;0;XS;461;PD;120;PS;120
;XD;0;XS;461;PD;120;PS;120
;XD;0;XS;461;PD;120;PS;120
;XD;0;XS;599;PD;120;PS;120
;XD;0;XS;601;PD;120;PS;120
;XD;0;XS;601;PD;120;PS;120
;XD;0;XS;601;PD;120;PS;120
;XD;0;XS;297;PD;120;PS;120
;XD;0;XS;297;PD;120;PS;120
;XD;0;XS;297;PD;120;PS;120
;XD;0;XS;601;PD;120;PS;120
;XD;0;XS;600;PD;120;PS;120
;XD;0;XS;600;PD;120;PS;120
;XD;0;XS;461;PD;120;PS;120
;XD;0;XS;460;PD;120;PS;120
;XD;0;XS;461;PD;120;PS;120
;XD;0;XS;460;PD;120;PS;120
;XD;0;XS;460;PD;120;PS;120
;XD;0;XS;460;PD;120;PS;120
;XD;0;XS;461;PD;120;PS;120
;XD;0;XS;461;PD;120;PS;120
;XD;0;XS;461;PD;120;PS;120
;XD;0;XS;461;PD;120;PS;120
;XD;0;XS;601;PD;120;PS;120
;XD;0;XS;601;PD;120;PS;120
;XD;0;XS;601;PD;120;PS;120
;XD;0;XS;292;PD;120;PS;120
;XD;0;XS;297;PD;120;PS;120
;XD;0;XS;297;PD;120;PS;120
;XD;0;XS;601;PD;120;PS;120
;XD;0;XS;600;PD;120;PS;120
;XD;0;XS;600;PD;120;PS;120
;XD;0;XS;476;PD;120;PS;120
;XD;0;XS;461;PD;120;PS;120
;XD;0;XS;461;PD;120;PS;120
;XD;0;XS;460;PD;120;PS;120
;XD;0;XS;458;PD;120;PS;120
;XD;0;XS;459;PD;120;PS;120
;XD;0;XS;460;PD;120;PS;120
;XD;0;XS;461;PD;120;PS;120
;XD;0;XS;461;PD;120;PS;120
;XD;0;XS;461;PD;120;PS;120
;XD;0;XS;601;PD;120;PS;120
;XD;0;XS;598;PD;120;PS;120
;XD;0;XS;600;PD;120;PS;120
;XD;0;XS;298;PD;120;PS;120
;XD;0;XS;297;PD;120;PS;120
;XD;0;XS;297;PD;120;PS;120
;XD;0;XS;601;PD;120;PS;120
;XD;0;XS;599;PD;120;PS;120
;XD;0;XS;599;PD;120;PS;120
;XD;0;XS;604;PD;120;PS;120
;XD;0;XS;461;PD;120;PS;120
;XD;0;XS;461;PD;120;PS;120
;XD;0;XS;461;PD;120;PS;120
;XD;0;XS;459;PD;120;PS;120
;XD;0;XS;460;PD;120;PS;120
;XD;0;XS;460;PD;120;PS;120
;XD;0;XS;461;PD;120;PS;120
;XD;0;XS;459;PD;120;PS;120
;XD;0;XS;461;PD;120;PS;120
;XD;0;XS;601;PD;120;PS;120
;XD;0;XS;601;PD;120;PS;120
;XD;0;XS;601;PD;120;PS;120
;XD;0;XS;307;PD;120;PS;120
;XD;0;XS;296;PD;120;PS;120
;XD;0;XS;297;PD;120;PS;120
;XD;0;XS;600;PD;120;PS;120
;XD;0;XS;601;PD;120;PS;120
;XD;0;XS;600;PD;120;PS;120
;XD;0;XS;599;PD;120;PS;120
;XD;0;XS;461;PD;120;PS;120
;XD;0;XS;460;PD;120;PS;120
;XD;0;XS;459;PD;120;PS;120
;XD;0;XS;459;PD;120;PS;120
;XD;0;XS;461;PD;120;PS;120
;XD;0;XS;460;PD;120;PS;120
;XD;0;XS;461;PD;120;PS;120
;XD;0;XS;461;PD;120;PS;120
;XD;0;XS;458;PD;120;PS;120
;XD;0;XS;601;PD;120;PS;120
;XD;0;XS;601;PD;120;PS;120
;XD;0;XS;601;PD;120;PS;120
;XD;0;XS;554;PD;120;PS;120
;XD;0;XS;297;PD;120;PS;120
;XD;0;XS;298;PD;120;PS;120
;XD;0;XS;297;PD;120;PS;120
;XD;0;XS;601;PD;120;PS;120
;XD;0;XS;600;PD;120;PS;120
;XD;0;XS;600;PD;120;PS;120
;XD;0;XS;461;PD;120;PS;120
;XD;0;XS;461;PD;120;PS;120
;XD;0;XS;461;PD;120;PS;120
;XD;0;XS;459;PD;120;PS;120
;XD;0;XS;458;PD;120;PS;120
;XD;0;XS;460;PD;120;PS;120
;XD;0;XS;461;PD;120;PS;120
;XD;0;XS;461;PD;120;PS;120
;XD;0;XS;461;PD;120;PS;120
;XD;0;XS;598;PD;120;PS;120
;XD;0;XS;599;PD;120;PS;120
;XD;0;XS;601;PD;120;PS;120
;XD;0;XS;599;PD;120;PS;120
;XD;0;XS;295;PD;120;PS;120
;XD;0;XS;297;PD;120;PS;120
;XD;0;XS;297;PD;120;PS;120
;XD;0;XS;601;PD;120;PS;120
;XD;0;XS;601;PD;120;PS;120
;XD;0;XS;600;PD;120;PS;120
;XD;0;XS;460;PD;120;PS;120
;XD;0;XS;459;PD;120;PS;120
;XD;0;XS;461;PD;120;PS;120
;XD;0;XS;460;PD;120;PS;120
;XD;0;XS;458;PD;120;PS;120
;XD;0;XS;459;PD;120;PS;120
;XD;0;XS;460;PD;120;PS;120
;XD;0;XS;461;PD;120;PS;120
;XD;0;XS;461;PD;120;PS;120
;XD;0;XS;459;PD;120;PS;120
;XD;0;XS;601;PD;120;PS;120
;XD;0;XS;600;PD;120;PS;120
;XD;0;XS;601;PD;120;PS;120
;XD;0;XS;297;PD;120;PS;120
;XD;0;XS;297;PD;120;PS;120
;XD;0;XS;295;PD;120;PS;120
;XD;0;XS;601;PD;120;PS;120
;XD;0;XS;601;PD;120;PS;120
;XD;0;XS;600;PD;120;PS;120
;XD;0;XS;461;PD;120;PS;120
;XD;0;XS;460;PD;120;PS;120
;XD;0;XS;460;PD;120;PS;120
;XD;0;XS;460;PD;120;PS;120
;XD;0;XS;460;PD;120;PS;120
;XD;0;XS;459;PD;120;PS;120
;XD;0;XS;457;PD;120;PS;120
;XD;0;XS;459;PD;120;PS;120
;XD;0;XS;461;PD;120;PS;120
;XD;0;XS;460;PD;120;PS;120
;XD;0;XS;601;PD;120;PS;120
;XD;0;XS;600;PD;120;PS;120
;XD;0;XS;600;PD;120;PS;120
;XD;0;XS;297;PD;120;PS;120
;XD;0;XS;297;PD;120;PS;120
;XD;0;XS;297;PD;120;PS;120
;XD;0;XS;600;PD;120;PS;120
;XD;0;XS;601;PD;120;PS;120
;XD;0;XS;598;PD;120;PS;120
;XD;0;XS;601;PD;120;PS;120
;XD;0;XS;461;PD;120;PS;120
;XD;0;XS;460;PD;120;PS;120
;XD;0;XS;461;PD;120;PS;120
;XD;0;XS;460;PD;120;PS;120
;XD;0;XS;460;PD;120;PS;120
;XD;0;XS;460;PD;120;PS;120
;XD;0;XS;461;PD;120;PS;120
;XD;0;XS;460;PD;120;PS;120
;XD;0;XS;458;PD;120;PS;120
;XD;0;XS;600;PD;120;PS;120
;XD;0;XS;601;PD;120;PS;120
;XD;0;XS;601;PD;120;PS;120
;XD;0;XS;335;PD;120;PS;120
;XD;0;XS;297;PD;120;PS;120
;XD;0;XS;297;PD;120;PS;120
;XD;0;XS;297;PD;120;PS;120
;XD;0;XS;600;PD;120;PS;120
;XD;0;XS;598;PD;120;PS;120
;XD;0;XS;600;PD;120;PS;120
;XD;0;XS;461;PD;120;PS;120
;XD;0;XS;461;PD;120;PS;120
;XD;0;XS;461;PD;120;PS;120
;XD;0;XS;462;PD;120;PS;120
;XD;0;XS;460;PD;120;PS;120
;XD;0;XS;460;PD;120;PS;120
;XD;0;XS;461;PD;120;PS;120
;XD;0;XS;461;PD;120;PS;120
;XD;0;XS;461;PD;120;PS;120
;XD;0;XS;461;PD;120;PS;120
;XD;0;XS;601;PD;120;PS;120
;XD;0;XS;601;PD;120;PS;120
;XD;0;XS;600;PD;120;PS;120
;XD;0;XS;297;PD;120;PS;120
;XD;0;XS;297;PD;120;PS;120
;XD;0;XS;299;PD;120;PS;120
;XD;0;XS;601;PD;120;PS;120
;XD;0;XS;600;PD;120;PS;120
;XD;0;XS;601;PD;120;PS;120
;XD;0;XS;460;PD;120;PS;120
;XD;0;XS;461;PD;120;PS;120
;XD;0;XS;461;PD;120;PS;120
;XD;0;XS;458;PD;120;PS;120
;XD;0;XS;459;PD;120;PS;120
;XD;0;XS;460;PD;120;PS;120
;XD;0;XS;461;PD;120;PS;120
;XD;0;XS;461;PD;120;PS;120
;XD;0;XS;461;PD;120;PS;120
;XD;0;XS;460;PD;120;PS;120
;XD;0;XS;600;PD;120;PS;120
;XD;0;XS;600;PD;120;PS;120
;XD;0;XS;600;PD;120;PS;120
;XD;0;XS;297;PD;120;PS;120
;XD;0;XS;297;PD;120;PS;120
;XD;0;XS;296;PD;120;PS;120
;XD;0;XS;599;PD;120;PS;120
;XD;0;XS;601;PD;120;PS;120
;XD;0;XS;601;PD;120;PS;120
;XD;0;XS;461;PD;120;PS;120
;XD;0;XS;460;PD;120;PS;120
;XD;0;XS;459;PD;120;PS;120
;XD;0;XS;459;PD;120;PS;120
;XD;0;XS;460;PD;120;PS;120
;XD;0;XS;460;PD;120;PS;120
;XD;0;XS;460;PD;120;PS;120
;XD;0;XS;461;PD;120;PS;120
;XD;0;XS;461;PD;120;PS;120
;XD;0;XS;461;PD;120;PS;120
;XD;0;XS;600;PD;120;PS;120
;XD;0;XS;602;PD;120;PS;120
;XD;0;XS;599;PD;120;PS;120
;XD;0;XS;297;PD;120;PS;120
;XD;0;XS;298;PD;120;PS;120
;XD;0;XS;297;PD;120;PS;120
;XD;0;XS;600;PD;120;PS;120
;XD;0;XS;599;PD;120;PS;120
;XD;0;XS;600;PD;120;PS;120
;XD;0;XS;468;PD;120;PS;120
;XD;0;XS;461;PD;120;PS;0
;XD;0;XS;461;PD;120;PS;0
;XD;0;XS;461;PD;120;PS;0
;XD;0;XS;460;PD;120;PS;0
;XD;0;XS;460;PD;120;PS;0
;XD;0;XS;459;PD;120;PS;0
;XD;0;XS;458;PD;120;PS;0
;XD;0;XS;461;PD;120;PS;0
;XD;0;XS;461;PD;120;PS;0
;XD;0;XS;601;PD;120;PS;0
;XD;0;XS;598;PD;120;PS;0
;XD;0;XS;601;PD;120;PS;0
;XD;0;XS;540;PD;120;PS;0
;XD;0;XS;297;PD;120;PS;0
;XD;0;XS;297;PD;120;PS;0
;XD;0;XS;297;PD;120;PS;0
;XD;0;XS;601;PD;120;PS;0
;XD;0;XS;600;PD;120;PS;0
;XD;0;XS;600;PD;120;PS;0
;XD;0;XS;461;PD;120;PS;0
;XD;0;XS;461;PD;120;PS;0
;XD;0;XS;460;PD;120;PS;0
;XD;0;XS;460;PD;120;PS;0
;XD;0;XS;458;PD;120;PS;0
;XD;0;XS;460;PD;120;PS;0
;XD;0;XS;460;PD;120;PS;0
;XD;0;XS;461;PD;120;PS;0
;XD;0;XS;461;PD;120;PS;0
;XD;0;XS;461;PD;120;PS;0
;XD;0;XS;599;PD;120;PS;0
;XD;0;XS;601;PD;120;PS;0
;XD;0;XS;601;PD;120;PS;0
;XD;0;XS;297;PD;120;PS;0
;XD;0;XS;297;PD;120;PS;0
;XD;0;XS;295;PD;120;PS;0
;XD;0;XS;297;PD;120;PS;0
;XD;0;XS;601;PD;120;PS;0
;XD;0;XS;600;PD;120;PS;0
;XD;0;XS;601;PD;120;PS;0
;XD;0;XS;461;PD;120;PS;0
;XD;0;XS;460;PD;120;PS;0
;XD;0;XS;460;PD;120;PS;0
;XD;0;XS;460;PD;120;PS;0
;XD;0;XS;460;PD;120;PS;0
;XD;0;XS;460;PD;120;PS;0
;XD;0;XS;460;PD;120;PS;0
;XD;0;XS;456;PD;120;PS;0
;XD;0;XS;461;PD;120;PS;0
;XD;0;XS;601;PD;120;PS;0
;XD;0;XS;601;PD;120;PS;0
;XD;0;XS;599;PD;120;PS;0
;XD;0;XS;600;PD;120;PS;0
;XD;0;XS;297;PD;120;PS;0
;XD;0;XS;297;PD;120;PS;0
;XD;0;XS;298;PD;120;PS;0
;XD;0;XS;601;PD;120;PS;0
;XD;0;XS;601;PD;120;PS;0
;XD;0;XS;600;PD;120;PS;0
;XD;0;XS;457;PD;120;PS;0
;XD;0;XS;461;PD;120;PS;0
;XD;0;XS;461;PD;120;PS;0
;XD;0;XS;460;PD;120;PS;0
;XD;0;XS;460;PD;120;PS;0
;XD;0;XS;458;PD;120;PS;0
;XD;0;XS;459;PD;120;PS;0
;XD;0;XS;461;PD;120;PS;0
;XD;0;XS;460;PD;120;PS;0
;XD;0;XS;458;PD;120;PS;0
;XD;0;XS;600;PD;120;PS;0
;XD;0;XS;601;PD;120;PS;0
;XD;0;XS;601;PD;120;PS;0
;XD;0;XS;297;PD;120;PS;0
;XD;0;XS;295;PD;120;PS;0
;XD;0;XS;297;PD;120;PS;0
;XD;0;XS;297;PD;120;PS;0
;XD;0;XS;602;PD;120;PS;0
;XD;0;XS;600;PD;120;PS;0
;XD;0;XS;600;PD;120;PS;0
;XD;0;XS;460;PD;120;PS;0
;XD;0;XS;461;PD;120;PS;0
;XD;0;XS;460;PD;120;PS;0
;XD;0;XS;460;PD;120;PS;0
;XD;0;XS;459;PD;120;PS;0
;XD;0;XS;460;PD;120;PS;0
;XD;0;XS;461;PD;120;PS;0
;XD;0;XS;460;PD;120;PS;0
;XD;0;XS;460;PD;120;PS;0
;XD;0;XS;461;PD;120;PS;0
;XD;0;XS;601;PD;120;PS;0
;XD;0;XS;600;PD;120;PS;0
;XD;0;XS;600;PD;120;PS;0
;XD;0;XS;297;PD;120;PS;0
;XD;0;XS;295;PD;120;PS;0
;XD;0;XS;297;PD;120;PS;0
;XD;0;XS;601;PD;120;PS;0
;XD;0;XS;600;PD;120;PS;0
;XD;0;XS;600;PD;120;PS;0
;XD;0;XS;600;PD;120;PS;0
;XD;0;XS;459;PD;120;PS;0
;XD;0;XS;461;PD;120;PS;0
;XD;0;XS;462;PD;120;PS;0
;XD;0;XS;460;PD;120;PS;0
;XD;0;XS;458;PD;120;PS;0
;XD;0;XS;459;PD;120;PS;0
;XD;0;XS;461;PD;120;PS;0
;XD;0;XS;461;PD;120;PS;0
;XD;0;XS;461;PD;120;PS;0
;XD;0;XS;600;PD;120;PS;0
;XD;0;XS;600;PD;120;PS;0
;XD;0;XS;601;PD;120;PS;0
;XD;0;XS;600;PD;120;PS;0
;XD;0;XS;297;PD;120;PS;0
;XD;0;XS;298;PD;120;PS;0
;XD;0;XS;297;PD;120;PS;0
;XD;0;XS;601;PD;120;PS;0
;XD;0;XS;600;PD;120;PS;0
;XD;0;XS;600;PD;120;PS;0
;XD;0;XS;459;PD;120;PS;0
;XD;0;XS;461;PD;120;PS;0
;XD;0;XS;461;PD;120;PS;0
;XD;0;XS;460;PD;120;PS;0
;XD;0;XS;460;PD;120;PS;0
;XD;0;XS;460;PD;120;PS;0
;XD;0;XS;457;PD;120;PS;0
;XD;0;XS;461;PD;120;PS;0
;XD;0;XS;460;PD;120;PS;0
;XD;0;XS;461;PD;120;PS;0
;XD;0;XS;601;PD;120;PS;0
;XD;0;XS;600;PD;120;PS;0
;XD;0;XS;601;PD;120;PS;0
;XD;0;XS;320;PD;120;PS;0
;XD;0;XS;297;PD;120;PS;0
;XD;0;XS;297;PD;120;PS;0
;XD;0;XS;600;PD;120;PS;0
;XD;0;XS;600;PD;120;PS;0
;XD;0;XS;601;PD;120;PS;0
;XD;0;XS;601;PD;120;PS;0
;XD;0;XS;461;PD;120;PS;0
;XD;0;XS;459;PD;120;PS;0
;XD;0;XS;461;PD;120;PS;0
;XD;0;XS;460;PD;120;PS;0
;XD;0;XS;458;PD;120;PS;0
;XD;0;XS;460;PD;120;PS;0
;XD;0;XS;461;PD;120;PS;0
;XD;0;XS;461;PD;120;PS;0
;XD;0;XS;461;PD;120;PS;0
;XD;0;XS;461;PD;120;PS;0
;XD;0;XS;600;PD;120;PS;0
;XD;0;XS;600;PD;120;PS;0
;XD;0;XS;601;PD;120;PS;0
;XD;0;XS;295;PD;120;PS;0
;XD;0;XS;298;PD;120;PS;0
;XD;0;XS;297;PD;120;PS;0
;XD;0;XS;601;PD;120;PS;0
;XD;0;XS;601;PD;120;PS;0
;XD;0;XS;601;PD;120;PS;0
;XD;0;XS;486;PD;120;PS;0
;XD;0;XS;461;PD;120;PS;0
;XD;0;XS;461;PD;120;PS;0
;XD;0;XS;461;PD;120;PS;0
;XD;0;XS;460;PD;120;PS;0
;XD;0;XS;458;PD;120;PS;0
;XD;0;XS;460;PD;120;PS;0
;XD;0;XS;461;PD;120;PS;0
;XD;0;XS;461;PD;120;PS;0
;XD;0;XS;460;PD;120;PS;0
;XD;0;XS;601;PD;120;PS;0
;XD;0;XS;601;PD;120;PS;0
;XD;0;XS;601;PD;120;PS;0
;XD;0;XS;601;PD;120;PS;0
;XD;0;XS;291;PD;120;PS;0
;XD;0;XS;297;PD;120;PS;0
;XD;0;XS;297;PD;120;PS;0
;XD;0;XS;600;PD;120;PS;0
;XD;0;XS;600;PD;120;PS;0
;XD;0;XS;600;PD;120;PS;0
;XD;0;XS;459;PD;120;PS;0
;XD;0;XS;460;PD;120;PS;0
;XD;0;XS;461;PD;120;PS;0
;XD;0;XS;460;PD;120;PS;0
;XD;0;XS;460;PD;120;PS;0
;XD;0;XS;457;PD;120;PS;0
;XD;0;XS;462;PD;120;PS;0
;XD;0;XS;461;PD;120;PS;0
;XD;0;XS;461;PD;120;PS;0
;XD;0;XS;461;PD;120;PS;0
;XD;0;XS;600;PD;120;PS;0
;XD;0;XS;600;PD;120;PS;0
;XD;0;XS;600;PD;120;PS;0
;XD;0;XS;297;PD;120;PS;0
;XD;0;XS;297;PD;120;PS;0
;XD;0;XS;297;PD;120;PS;0
;XD;0;XS;295;PD;120;PS;0
;XD;0;XS;601;PD;120;PS;0
;XD;0;XS;600;PD;120;PS;0
;XD;0;XS;600;PD;120;PS;0
;XD;0;XS;460;PD;120;PS;0
;XD;0;XS;461;PD;120;PS;0
;XD;0;XS;458;PD;120;PS;0
;XD;0;XS;460;PD;120;PS;0
;XD;0;XS;460;PD;120;PS;0
;XD;0;XS;459;PD;120;PS;0
;XD;0;XS;461;PD;120;PS;0
;XD;0;XS;459;PD;120;PS;0
;XD;0;XS;461;PD;120;PS;0
;XD;0;XS;461;PD;120;PS;0
;XD;0;XS;600;PD;120;PS;0
;XD;0;XS;600;PD;120;PS;0
;XD;0;XS;601;PD;120;PS;0
;XD;0;XS;297;PD;120;PS;0
;XD;0;XS;297;PD;120;PS;0
;XD;0;XS;297;PD;120;PS;0
;XD;0;XS;601;PD;120;PS;0
;XD;0;XS;601;PD;120;PS;0
;XD;0;XS;601;PD;120;PS;0
;XD;0;XS;601;PD;120;PS;0
;XD;0;XS;457;PD;120;PS;0
;XD;0;XS;459;PD;120;PS;0
;XD;0;XS;461;PD;120;PS;0
;XD;0;XS;460;PD;120;PS;0
;XD;0;XS;460;PD;120;PS;0
;XD;0;XS;458;PD;120;PS;0
;XD;0;XS;461;PD;120;PS;0
;XD;0;XS;461;PD;120;PS;0
;XD;0;XS;461;PD;120;PS;0
;XD;0;XS;458;PD;120;PS;0
;XD;0;XS;600;PD;120;PS;0
;XD;0;XS;601;PD;120;PS;0
;XD;0;XS;601;PD;120;PS;0
;XD;0;XS;297;PD;120;PS;0
;XD;0;XS;295;PD;120;PS;0
;XD;0;XS;297;PD;120;PS;0
;XD;0;XS;601;PD;120;PS;0
;XD;0;XS;601;PD;120;PS;0
;XD;0;XS;600;PD;120;PS;0
;XD;0;XS;458;PD;120;PS;0
;XD;0;XS;461;PD;120;PS;0
;XD;0;XS;461;PD;120;PS;0
;XD;0;XS;460;PD;120;PS;0
;XD;0;XS;460;PD;120;PS;0
;XD;0;XS;460;PD;120;PS;0
;XD;0;XS;458;PD;120;PS;0
;XD;0;XS;461;PD;120;PS;0
;XD;0;XS;461;PD;120;PS;0
;XD;0;XS;460;PD;120;PS;0
;XD;0;XS;597;PD;120;PS;0
;XD;0;XS;601;PD;120;PS;0
;XD;0;XS;601;PD;120;PS;0
;XD;0;XS;599;PD;120;PS;0
;XD;0;XS;297;PD;120;PS;0
;XD;0;XS;294;PD;120;PS;0
;XD;0;XS;297;PD;120;PS;0
;XD;0;XS;600;PD;120;PS;0
;XD;0;XS;601;PD;120;PS;0
;XD;0;XS;600;PD;120;PS;0
;XD;0;XS;461;PD;120;PS;0
;XD;0;XS;459;PD;120;PS;0
;XD;0;XS;461;PD;120;PS;0
;XD;0;XS;460;PD;120;PS;0
;XD;0;XS;459;PD;120;PS;0
;XD;0;XS;460;PD;120;PS;0
;XD;0;XS;460;PD;120;PS;0
;XD;0;XS;460;PD;120;PS;0
;XD;0;XS;461;PD;120;PS;0
;XD;0;XS;461;PD;120;PS;0
;XD;0;XS;601;PD;120;PS;0
;XD;0;XS;601;PD;120;PS;0
;XD;0;XS;601;PD;120;PS;0
;XD;0;XS;297;PD;120;PS;0
;XD;0;XS;297;PD;120;PS;0
;XD;0;XS;297;PD;120;PS;0
;XD;0;XS;601;PD;120;PS;0
;XD;0;XS;600;PD;120;PS;0
;XD;0;XS;599;PD;120;PS;0
;XD;0;XS;600;PD;120;PS;0
;XD;0;XS;460;PD;120;PS;0
;XD;0;XS;461;PD;120;PS;0
;XD;0;XS;461;PD;120;PS;0
;XD;0;XS;459;PD;120;PS;0
;XD;0;XS;460;PD;120;PS;0
;XD;0;XS;460;PD;120;PS;0
;XD;0;XS;461;PD;120;PS;0
;XD;0;XS;461;PD;120;PS;0
;XD;0;XS;460;PD;120;PS;0
;XD;0;XS;600;PD;120;PS;0
;XD;0;XS;601;PD;120;PS;0
;XD;0;XS;600;PD;120;PS;0
;XD;0;XS;601;PD;120;PS;0
;XD;0;XS;297;PD;120;PS;0
;XD;0;XS;293;PD;120;PS;0
;XD;0;XS;298;PD;120;PS;0
;XD;0;XS;600;PD;120;PS;0
;XD;0;XS;598;PD;120;PS;0
;XD;0;XS;601;PD;120;PS;0
;XD;0;XS;458;PD;120;PS;0
;XD;0;XS;461;PD;120;PS;0
;XD;0;XS;461;PD;120;PS;0
;XD;0;XS;457;PD;120;PS;0
;XD;0;XS;460;PD;120;PS;0
;XD;0;XS;460;PD;120;PS;0
;XD;0;XS;460;PD;120;PS;0
;XD;0;XS;459;PD;120;PS;0
;XD;0;XS;461;PD;120;PS;0
;XD;0;XS;461;PD;120;PS;0
;XD;0;XS;600;PD;120;PS;0
;XD;0;XS;600;PD;120;PS;0
;XD;0;XS;601;PD;120;PS;0
;XD;0;XS;494;PD;120;PS;0
;XD;0;XS;297;PD;120;PS;0
;XD;0;XS;297;PD;120;PS;0
;XD;0;XS;295;PD;120;PS;0
;XD;0;XS;600;PD;120;PS;0
;XD;0;XS;601;PD;120;PS;0
;XD;0;XS;601;PD;120;PS;0
;XD;0;XS;461;PD;120;PS;0
;XD;0;XS;458;PD;120;PS;0
;XD;0;XS;461;PD;120;PS;0
;XD;0;XS;460;PD;120;PS;0
;XD;0;XS;460;PD;120;PS;0
;XD;0;XS;460;PD;120;PS;0
;XD;0;XS;460;PD;120;PS;0
;XD;0;XS;461;PD;120;PS;0
;XD;0;XS;460;PD;120;PS;0
;XD;0;XS;461;PD;120;PS;0
;XD;0;XS;600;PD;120;PS;0
;XD;0;XS;598;PD;120;PS;0
;XD;0;XS;601;PD;120;PS;0
;XD;0;XS;297;PD;120;PS;0
;XD;0;XS;297;PD;120;PS;0
;XD;0;XS;297;PD;120;PS;0
;XD;0;XS;295;PD;120;PS;0
;XD;0;XS;603;PD;120;PS;0
;XD;0;XS;600;PD;120;PS;0
;XD;0;XS;601;PD;120;PS;0
;XD;0;XS;461;PD;120;PS;0
;XD;0;XS;461;PD;120;PS;0
;XD;0;XS;459;PD;120;PS;0
;XD;0;XS;460;PD;120;PS;0
;XD;0;XS;460;PD;120;PS;0
;XD;0;XS;460;PD;120;PS;0
;XD;0;XS;461;PD;120;PS;0
;XD;0;XS;460;PD;120;PS;0
;XD;0;XS;461;PD;120;PS;0
;XD;0;XS;600;PD;120;PS;0
;XD;0;XS;600;PD;120;PS;0
;XD;0;XS;601;PD;120;PS;0
;XD;0;XS;601;PD;120;PS;0
;XD;0;XS;297;PD;120;PS;0
;XD;0;XS;297;PD;120;PS;0
;XD;0;XS;297;PD;120;PS;0
;XD;0;XS;600;PD;120;PS;0
;XD;0;XS;601;PD;120;PS;0
;XD;0;XS;600;PD;120;PS;0
;XD;0;XS;461;PD;120;PS;0
;XD;0;XS;460;PD;120;PS;0
;XD;0;XS;461;PD;120;PS;0
;XD;0;XS;460;PD;120;PS;0
;XD;0;XS;460;PD;120;PS;0
;XD;0;XS;459;PD;120;PS;0
;XD;0;XS;460;PD;120;PS;0
;XD;0;XS;461;PD;120;PS;0
;XD;0;XS;461;PD;120;PS;0
;XD;0;XS;461;PD;120;PS;0
;XD;0;XS;600;PD;120;PS;0
;XD;0;XS;600;PD;120;PS;0
;XD;0;XS;601;PD;120;PS;0
;XD;0;XS;297;PD;120;PS;0
;XD;0;XS;297;PD;120;PS;0
;XD;0;XS;297;PD;120;PS;0
;XD;0;XS;297;PD;120;PS;0
;XD;0;XS;601;PD;120;PS;0
;XD;0;XS;601;PD;120;PS;0
;XD;0;XS;599;PD;120;PS;0
;XD;0;XS;460;PD;120;PS;0
;XD;0;XS;461;PD;120;PS;0
;XD;0;XS;461;PD;120;PS;0
;XD;0;XS;460;PD;120;PS;0
;XD;0;XS;460;PD;120;PS;0
;XD;0;XS;458;PD;120;PS;0
;XD;0;XS;460;PD;120;PS;0
;XD;0;XS;461;PD;120;PS;0
;XD;0;XS;461;PD;120;PS;0
;XD;0;XS;461;PD;120;PS;0
;XD;0;XS;598;PD;120;PS;0
;XD;0;XS;601;PD;120;PS;0
;XD;0;XS;601;PD;120;PS;0
;XD;0;XS;297;PD;120;PS;0
;XD;0;XS;297;PD;120;PS;0
;XD;0;XS;297;PD;120;PS;0
;XD;0;XS;600;PD;120;PS;0
;XD;0;XS;602;PD;120;PS;0
;XD;0;XS;601;PD;120;PS;0
;XD;0;XS;600;PD;120;PS;0
;XD;0;XS;460;PD;120;PS;0
;XD;0;XS;461;PD;120;PS;0
;XD;0;XS;461;PD;120;PS;0
;XD;0;XS;460;PD;120;PS;0
;XD;0;XS;458;PD;120;PS;0
;XD;0;XS;460;PD;120;PS;0
;XD;0;XS;461;PD;120;PS;0
;XD;0;XS;460;PD;120;PS;0
;XD;0;XS;460;PD;120;PS;0
;XD;0;XS;601;PD;120;PS;0
;XD;0;XS;601;PD;120;PS;0
;XD;0;XS;601;PD;120;PS;0
;XD;0;XS;599;PD;120;PS;0
;XD;0;XS;297;PD;120;PS;0
;XD;0;XS;297;PD;120;PS;0
;XD;0;XS;297;PD;120;PS;0
;XD;0;XS;598;PD;120;PS;0
;XD;0;XS;601;PD;120;PS;0
;XD;0;XS;601;PD;120;PS;0
;XD;0;XS;461;PD;120;PS;0
;XD;0;XS;461;PD;120;PS;0
;XD;0;XS;461;PD;120;PS;0
;XD;0;XS;460;PD;120;PS;0
;XD;0;XS;460;PD;120;PS;0
;XD;0;XS;460;PD;120;PS;0
;XD;0;XS;458;PD;120;PS;0
;XD;0;XS;461;PD;120;PS;0
;XD;0;XS;461;PD;120;PS;0
;XD;0;XS;460;PD;120;PS;0
;XD;0;XS;598;PD;120;PS;0
;XD;0;XS;600;PD;120;PS;0
;XD;0;XS;600;PD;120;PS;0
;XD;0;XS;343;PD;120;PS;0
;XD;0;XS;297;PD;120;PS;0
;XD;0;XS;297;PD;120;PS;0
;XD;0;XS;600;PD;120;PS;0
;XD;0;XS;601;PD;120;PS;0
;XD;0;XS;601;PD;120;PS;0
;XD;0;XS;601;PD;120;PS;0
;XD;0;XS;461;PD;120;PS;0
;XD;0;XS;459;PD;120;PS;0
;XD;0;XS;461;PD;120;PS;0
;XD;0;XS;460;PD;120;PS;0
;XD;0;XS;460;PD;120;PS;0
;XD;0;XS;460;PD;120;PS;0
;XD;0;XS;461;PD;120;PS;0
;XD;0;XS;460;PD;120;PS;0
;XD;0;XS;461;PD;120;PS;0
;XD;0;XS;461;PD;120;PS;0
;XD;0;XS;600;PD;120;PS;0
;XD;0;XS;601;PD;120;PS;0
;XD;0;XS;601;PD;120;PS;0
;XD;0;XS;297;PD;120;PS;0
;XD;0;XS;297;PD;120;PS;0
;XD;0;XS;297;PD;120;PS;0
;XD;0;XS;601;PD;120;PS;0 
